state,year,births,deaths,imr
Alabama,1995,60329.0,590.0,9.78
Alabama,1996,60488.0,629.0,10.4
Alabama,1997,60914.0,576.0,9.46
Alabama,1998,62074.0,627.0,10.1
Alabama,1999,62122.0,602.0,9.690608802
Alabama,2000,63299.0,602.0,9.51
Alabama,2001,60454.0,564.0,9.33
Alabama,2002,58968.0,538.0,9.12
Alabama,2003,59552.0,515.0,9.0
Alabama,2004,59510.0,517.0,8.69
Alabama,2005,60453.0,576.0,9.53
Alabama,2006,63232.0,568.0,8.98
Alabama,2007,64804.0,644.0,9.94
Alabama,2008,64546.0,611.0,9.47
Alabama,2009,62475.0,517.0,8.28
Alabama,2010,60050.0,524.0,8.73
Alabama,2011,59354.0,488.0,8.22
Alabama,2012,58448.0,519.0,8.88
Alabama,2013,58167.0,500.0,8.6
Alabama,2014,59422.0,516.0,8.683652519
Alaska,1995,10244.0,77.0,7.52
Alaska,1996,10037.0,72.0,7.17
Alaska,1997,9947.0,76.0,7.64
Alaska,1998,9926.0,59.0,5.94
Alaska,1999,9950.0,60.0,6.030150754
Alaska,2000,9974.0,69.0,6.92
Alaska,2001,10004.0,79.0,7.9
Alaska,2002,9938.0,56.0,5.63
Alaska,2003,10086.0,69.0,7.0
Alaska,2004,10338.0,68.0,6.58
Alaska,2005,10459.0,62.0,5.93
Alaska,2006,10996.0,77.0,7.0
Alaska,2007,11052.0,73.0,6.61
Alaska,2008,11442.0,69.0,6.03
Alaska,2009,11324.0,78.0,6.89
Alaska,2010,11471.0,41.0,3.57
Alaska,2011,11456.0,44.0,3.84
Alaska,2012,11187.0,57.0,5.1
Alaska,2013,11446.0,66.0,5.77
Alaska,2014,11392.0,75.0,6.583567416
Arizona,1995,72463.0,552.0,7.62
Arizona,1996,75322.0,577.0,7.66
Arizona,1997,75699.0,534.0,7.05
Arizona,1998,78243.0,588.0,7.52
Arizona,1999,81145.0,544.0,6.704048309
Arizona,2000,85273.0,576.0,6.75
Arizona,2001,85597.0,595.0,6.95
Arizona,2002,87837.0,564.0,6.42
Arizona,2003,90967.0,591.0,6.0
Arizona,2004,93663.0,630.0,6.73
Arizona,2005,96199.0,659.0,6.85
Arizona,2006,102430.0,651.0,6.36
Arizona,2007,102981.0,707.0,6.87
Arizona,2008,99442.0,635.0,6.39
Arizona,2009,92798.0,554.0,5.97
Arizona,2010,87477.0,520.0,5.94
Arizona,2011,85543.0,511.0,5.97
Arizona,2012,86441.0,500.0,5.78
Arizona,2013,85600.0,449.0,5.25
Arizona,2014,86887.0,534.0,6.145913658
Arkansas,1995,35175.0,304.0,8.64
Arkansas,1996,36371.0,348.0,9.57
Arkansas,1997,36478.0,314.0,8.61
Arkansas,1998,36865.0,329.0,8.92
Arkansas,1999,36729.0,293.0,7.9773476
Arkansas,2000,37783.0,311.0,8.23
Arkansas,2001,37010.0,309.0,8.35
Arkansas,2002,37437.0,313.0,8.36
Arkansas,2003,37784.0,327.0,9.0
Arkansas,2004,38573.0,323.0,8.37
Arkansas,2005,39208.0,307.0,7.83
Arkansas,2006,40961.0,346.0,8.45
Arkansas,2007,41378.0,323.0,7.81
Arkansas,2008,40669.0,300.0,7.38
Arkansas,2009,39808.0,301.0,7.56
Arkansas,2010,38540.0,279.0,7.24
Arkansas,2011,38715.0,282.0,7.28
Arkansas,2012,38347.0,271.0,7.07
Arkansas,2013,37832.0,297.0,7.85
Arkansas,2014,38511.0,290.0,7.530316014
California,1995,552045.0,3479.0,6.3
California,1996,539433.0,3190.0,5.91
California,1997,524840.0,3102.0,5.91
California,1998,521661.0,2994.0,5.74
California,1999,518508.0,2796.0,5.392395103
California,2000,531971.0,2882.0,5.42
California,2001,527784.0,2823.0,5.35
California,2002,529372.0,2873.0,5.43
California,2003,540997.0,2800.0,5.0
California,2004,544844.0,2812.0,5.16
California,2005,548882.0,2918.0,5.32
California,2006,562440.0,2835.0,5.04
California,2007,566414.0,2947.0,5.2
California,2008,551804.0,2822.0,5.11
California,2009,527020.0,2590.0,4.91
California,2010,510198.0,2417.0,4.74
California,2011,502120.0,2403.0,4.79
California,2012,503755.0,2244.0,4.45
California,2013,494705.0,2354.0,4.76
California,2014,502879.0,2163.0,4.301233498
Colorado,1995,54332.0,348.0,6.41
Colorado,1996,55807.0,372.0,6.67
Colorado,1997,56533.0,398.0,7.04
Colorado,1998,59577.0,402.0,6.75
Colorado,1999,62167.0,411.0,6.611224605
Colorado,2000,65438.0,402.0,6.14
Colorado,2001,67007.0,390.0,5.82
Colorado,2002,68418.0,409.0,5.98
Colorado,2003,69339.0,425.0,6.0
Colorado,2004,68503.0,427.0,6.23
Colorado,2005,68944.0,444.0,6.44
Colorado,2006,70751.0,408.0,5.77
Colorado,2007,70809.0,434.0,6.13
Colorado,2008,70031.0,435.0,6.21
Colorado,2009,68628.0,428.0,6.24
Colorado,2010,66355.0,392.0,5.91
Colorado,2011,65055.0,358.0,5.5
Colorado,2012,65187.0,297.0,4.56
Colorado,2013,65007.0,333.0,5.12
Colorado,2014,65830.0,315.0,4.785052408
Connecticut,1995,44334.0,316.0,7.13
Connecticut,1996,44469.0,284.0,6.39
Connecticut,1997,43109.0,308.0,7.14
Connecticut,1998,43820.0,306.0,6.98
Connecticut,1999,43310.0,260.0,6.00323251
Connecticut,2000,43026.0,280.0,6.51
Connecticut,2001,42648.0,258.0,6.05
Connecticut,2002,42002.0,273.0,6.5
Connecticut,2003,42873.0,228.0,5.0
Connecticut,2004,42095.0,229.0,5.44
Connecticut,2005,41718.0,244.0,5.85
Connecticut,2006,41820.0,258.0,6.17
Connecticut,2007,41660.0,279.0,6.7
Connecticut,2008,40399.0,239.0,5.92
Connecticut,2009,38896.0,216.0,5.55
Connecticut,2010,37708.0,200.0,5.3
Connecticut,2011,37281.0,192.0,5.15
Connecticut,2012,36539.0,192.0,5.25
Connecticut,2013,36085.0,173.0,4.79
Connecticut,2014,36285.0,176.0,4.850489183
Delaware,1995,10266.0,76.0,7.4
Delaware,1996,10155.0,78.0,7.68
Delaware,1997,10253.0,81.0,7.9
Delaware,1998,10578.0,100.0,9.45
Delaware,1999,10676.0,80.0,7.493443237
Delaware,2000,11051.0,106.0,9.59
Delaware,2001,10749.0,114.0,10.61
Delaware,2002,11090.0,95.0,8.57
Delaware,2003,11329.0,107.0,9.0
Delaware,2004,11369.0,98.0,8.62
Delaware,2005,11643.0,105.0,9.02
Delaware,2006,11989.0,97.0,8.09
Delaware,2007,12170.0,93.0,7.64
Delaware,2008,12090.0,101.0,8.35
Delaware,2009,11559.0,92.0,7.96
Delaware,2010,11364.0,85.0,7.48
Delaware,2011,11257.0,100.0,8.88
Delaware,2012,11023.0,84.0,7.62
Delaware,2013,10831.0,69.0,6.37
Delaware,2014,10972.0,74.0,6.744440394
District of Columbia,1995,9014.0,143.0,15.86
District of Columbia,1996,8390.0,126.0,15.02
District of Columbia,1997,7927.0,109.0,13.75
District of Columbia,1998,7686.0,96.0,12.49
District of Columbia,1999,7522.0,120.0,15.95320394
District of Columbia,2000,7666.0,93.0,12.13
District of Columbia,2001,7625.0,83.0,10.89
District of Columbia,2002,7498.0,85.0,11.34
District of Columbia,2003,7619.0,81.0,11.0
District of Columbia,2004,7933.0,97.0,12.23
District of Columbia,2005,7971.0,109.0,13.67
District of Columbia,2006,8523.0,101.0,11.85
District of Columbia,2007,8864.0,115.0,12.97
District of Columbia,2008,9130.0,102.0,11.17
District of Columbia,2009,9040.0,94.0,10.4
District of Columbia,2010,9165.0,70.0,7.64
District of Columbia,2011,9295.0,69.0,7.42
District of Columbia,2012,9399.0,74.0,7.87
District of Columbia,2013,9288.0,62.0,6.68
District of Columbia,2014,9509.0,69.0,7.256283521
Florida,1995,188723.0,1423.0,7.54
Florida,1996,189392.0,1419.0,7.49
Florida,1997,192383.0,1368.0,7.11
Florida,1998,195637.0,1423.0,7.27
Florida,1999,197023.0,1436.0,7.288489161
Florida,2000,204126.0,1410.0,6.91
Florida,2001,205793.0,1493.0,7.25
Florida,2002,205579.0,1547.0,7.53
Florida,2003,212250.0,1586.0,7.0
Florida,2004,218053.0,1530.0,7.02
Florida,2005,226243.0,1639.0,7.24
Florida,2006,236802.0,1720.0,7.26
Florida,2007,239165.0,1694.0,7.08
Florida,2008,231445.0,1684.0,7.28
Florida,2009,221394.0,1527.0,6.9
Florida,2010,214590.0,1397.0,6.51
Florida,2011,213414.0,1379.0,6.46
Florida,2012,213148.0,1306.0,6.13
Florida,2013,215407.0,1322.0,6.14
Florida,2014,219991.0,1333.0,6.059338791
Georgia,1995,112282.0,1072.0,9.55
Georgia,1996,114043.0,1059.0,9.29
Georgia,1997,118221.0,1009.0,8.53
Georgia,1998,122368.0,1027.0,8.39
Georgia,1999,126717.0,1039.0,8.199373407
Georgia,2000,132644.0,1121.0,8.45
Georgia,2001,133526.0,1142.0,8.55
Georgia,2002,133301.0,1195.0,8.96
Georgia,2003,135980.0,1152.0,8.0
Georgia,2004,138849.0,1184.0,8.53
Georgia,2005,142200.0,1148.0,8.07
Georgia,2006,148633.0,1200.0,8.07
Georgia,2007,151137.0,1210.0,8.01
Georgia,2008,146603.0,1171.0,7.99
Georgia,2009,141377.0,1036.0,7.33
Georgia,2010,133947.0,849.0,6.34
Georgia,2011,132409.0,908.0,6.86
Georgia,2012,130280.0,812.0,6.23
Georgia,2013,128748.0,899.0,6.98
Georgia,2014,130946.0,976.0,7.453454096
Hawaii,1995,18595.0,105.0,5.65
Hawaii,1996,18401.0,108.0,5.87
Hawaii,1997,17393.0,116.0,6.67
Hawaii,1998,17583.0,121.0,6.88
Hawaii,1999,17038.0,121.0,7.101772509
Hawaii,2000,17551.0,142.0,8.09
Hawaii,2001,17072.0,103.0,6.03
Hawaii,2002,17477.0,130.0,7.44
Hawaii,2003,18100.0,138.0,8.0
Hawaii,2004,18281.0,106.0,5.8
Hawaii,2005,17924.0,118.0,6.58
Hawaii,2006,18983.0,111.0,5.85
Hawaii,2007,19134.0,127.0,6.64
Hawaii,2008,19484.0,110.0,5.65
Hawaii,2009,18887.0,112.0,5.93
Hawaii,2010,18988.0,118.0,6.21
Hawaii,2011,18956.0,100.0,5.28
Hawaii,2012,18980.0,92.0,4.85
Hawaii,2013,18987.0,121.0,6.37
Hawaii,2014,18550.0,83.0,4.474393531
Idaho,1995,18035.0,111.0,6.15
Idaho,1996,18625.0,134.0,7.19
Idaho,1997,18582.0,122.0,6.57
Idaho,1998,19391.0,139.0,7.17
Idaho,1999,19872.0,133.0,6.692834138
Idaho,2000,20366.0,154.0,7.56
Idaho,2001,20688.0,130.0,6.28
Idaho,2002,20970.0,127.0,6.06
Idaho,2003,21800.0,137.0,6.0
Idaho,2004,22532.0,137.0,6.08
Idaho,2005,23062.0,138.0,5.98
Idaho,2006,24184.0,165.0,6.82
Idaho,2007,25019.0,171.0,6.83
Idaho,2008,25149.0,144.0,5.73
Idaho,2009,23737.0,130.0,5.48
Idaho,2010,23198.0,111.0,4.78
Idaho,2011,22305.0,113.0,5.07
Idaho,2012,22963.0,125.0,5.44
Idaho,2013,22383.0,126.0,5.63
Idaho,2014,22876.0,125.0,5.464242
Illinois,1995,185812.0,1740.0,9.36
Illinois,1996,183180.0,1581.0,8.63
Illinois,1997,180803.0,1523.0,8.42
Illinois,1998,182588.0,1538.0,8.42
Illinois,1999,182068.0,1554.0,8.535272536
Illinois,2000,185038.0,1569.0,8.48
Illinois,2001,184064.0,1405.0,7.63
Illinois,2002,180622.0,1334.0,7.39
Illinois,2003,182495.0,1406.0,8.0
Illinois,2004,180778.0,1357.0,7.51
Illinois,2005,179020.0,1322.0,7.38
Illinois,2006,180573.0,1317.0,7.29
Illinois,2007,180836.0,1229.0,6.8
Illinois,2008,176797.0,1273.0,7.2
Illinois,2009,171163.0,1185.0,6.92
Illinois,2010,165200.0,1130.0,6.84
Illinois,2011,161312.0,1058.0,6.56
Illinois,2012,159160.0,1036.0,6.51
Illinois,2013,156931.0,937.0,5.97
Illinois,2014,158556.0,1045.0,6.59073135
Indiana,1995,82835.0,695.0,8.39
Indiana,1996,83513.0,726.0,8.69
Indiana,1997,83436.0,676.0,8.1
Indiana,1998,85122.0,643.0,7.55
Indiana,1999,86031.0,695.0,8.078483337
Indiana,2000,87699.0,683.0,7.79
Indiana,2001,86459.0,652.0,7.54
Indiana,2002,85086.0,660.0,7.76
Indiana,2003,86434.0,665.0,8.0
Indiana,2004,87142.0,687.0,7.88
Indiana,2005,87193.0,701.0,8.04
Indiana,2006,88632.0,701.0,7.91
Indiana,2007,89864.0,681.0,7.58
Indiana,2008,88742.0,607.0,6.84
Indiana,2009,86673.0,678.0,7.82
Indiana,2010,83940.0,640.0,7.62
Indiana,2011,83701.0,638.0,7.62
Indiana,2012,83227.0,558.0,6.7
Indiana,2013,83102.0,602.0,7.24
Indiana,2014,84080.0,595.0,7.07659372
Iowa,1995,36810.0,304.0,8.26
Iowa,1996,37139.0,260.0,7.0
Iowa,1997,36659.0,224.0,6.11
Iowa,1998,37282.0,242.0,6.49
Iowa,1999,37558.0,213.0,5.6712285
Iowa,2000,38266.0,246.0,6.43
Iowa,2001,37620.0,213.0,5.66
Iowa,2002,37559.0,200.0,5.32
Iowa,2003,38174.0,217.0,6.0
Iowa,2004,38438.0,195.0,5.07
Iowa,2005,39311.0,214.0,5.44
Iowa,2006,40607.0,208.0,5.12
Iowa,2007,40886.0,224.0,5.48
Iowa,2008,40224.0,229.0,5.69
Iowa,2009,39701.0,183.0,4.61
Iowa,2010,38719.0,188.0,4.86
Iowa,2011,38214.0,181.0,4.74
Iowa,2012,38702.0,206.0,5.32
Iowa,2013,39094.0,166.0,4.25
Iowa,2014,39687.0,191.0,4.812659057
Kansas,1995,37201.0,256.0,6.88
Kansas,1996,36651.0,301.0,8.21
Kansas,1997,37289.0,277.0,7.43
Kansas,1998,38422.0,271.0,7.05
Kansas,1999,38782.0,286.0,7.374555206
Kansas,2000,39666.0,260.0,6.55
Kansas,2001,38869.0,289.0,7.44
Kansas,2002,39412.0,282.0,7.16
Kansas,2003,39476.0,262.0,7.0
Kansas,2004,39669.0,291.0,7.34
Kansas,2005,39888.0,294.0,7.37
Kansas,2006,40968.0,293.0,7.15
Kansas,2007,42004.0,336.0,8.0
Kansas,2008,41833.0,307.0,7.34
Kansas,2009,41396.0,294.0,7.1
Kansas,2010,40649.0,252.0,6.2
Kansas,2011,39642.0,247.0,6.23
Kansas,2012,40341.0,254.0,6.3
Kansas,2013,38839.0,252.0,6.49
Kansas,2014,39223.0,247.0,6.297325549
Kentucky,1995,52377.0,395.0,7.54
Kentucky,1996,52706.0,389.0,7.38
Kentucky,1997,53203.0,378.0,7.1
Kentucky,1998,54329.0,410.0,7.55
Kentucky,1999,54403.0,405.0,7.444442402
Kentucky,2000,56031.0,398.0,7.1
Kentucky,2001,54659.0,322.0,5.89
Kentucky,2002,54234.0,389.0,7.17
Kentucky,2003,55238.0,376.0,7.0
Kentucky,2004,55720.0,380.0,6.82
Kentucky,2005,56444.0,380.0,6.73
Kentucky,2006,58250.0,438.0,7.52
Kentucky,2007,59368.0,397.0,6.69
Kentucky,2008,58376.0,404.0,6.92
Kentucky,2009,57551.0,393.0,6.83
Kentucky,2010,55784.0,380.0,6.81
Kentucky,2011,55370.0,356.0,6.43
Kentucky,2012,55758.0,401.0,7.19
Kentucky,2013,55686.0,356.0,6.39
Kentucky,2014,56170.0,398.0,7.0856329
Louisiana,1995,65641.0,647.0,9.86
Louisiana,1996,65204.0,586.0,8.99
Louisiana,1997,66025.0,624.0,9.45
Louisiana,1998,66888.0,609.0,9.1
Louisiana,1999,67136.0,623.0,9.279671115
Louisiana,2000,67905.0,613.0,9.03
Louisiana,2001,65353.0,651.0,9.96
Louisiana,2002,64880.0,668.0,10.3
Louisiana,2003,65047.0,600.0,9.0
Louisiana,2004,65370.0,674.0,10.31
Louisiana,2005,60937.0,600.0,9.85
Louisiana,2006,63378.0,631.0,9.96
Louisiana,2007,66301.0,608.0,9.17
Louisiana,2008,65270.0,590.0,9.04
Louisiana,2009,64973.0,573.0,8.82
Louisiana,2010,62379.0,471.0,7.55
Louisiana,2011,61888.0,509.0,8.22
Louisiana,2012,62642.0,509.0,8.13
Louisiana,2013,63201.0,549.0,8.69
Louisiana,2014,64497.0,483.0,7.488720406
Maine,1995,13896.0,89.0,6.4
Maine,1996,13774.0,60.0,4.36
Maine,1997,13669.0,68.0,4.97
Maine,1998,13733.0,90.0,6.55
Maine,1999,13616.0,67.0,4.920681551
Maine,2000,13603.0,66.0,4.85
Maine,2001,13759.0,85.0,6.18
Maine,2002,13559.0,58.0,4.28
Maine,2003,13855.0,70.0,5.0
Maine,2004,13944.0,79.0,5.67
Maine,2005,14112.0,97.0,6.87
Maine,2006,14151.0,89.0,6.29
Maine,2007,14120.0,90.0,6.37
Maine,2008,13609.0,74.0,5.44
Maine,2009,13470.0,77.0,5.72
Maine,2010,12970.0,70.0,5.4
Maine,2011,12704.0,85.0,6.69
Maine,2012,12798.0,89.0,6.95
Maine,2013,12776.0,91.0,7.12
Maine,2014,12698.0,85.0,6.693967554
Maryland,1995,72396.0,642.0,8.87
Maryland,1996,71533.0,602.0,8.42
Maryland,1997,70215.0,614.0,8.74
Maryland,1998,71972.0,616.0,8.56
Maryland,1999,71967.0,604.0,8.392735559
Maryland,2000,74318.0,558.0,7.51
Maryland,2001,73218.0,591.0,8.07
Maryland,2002,73323.0,555.0,7.57
Maryland,2003,74930.0,617.0,8.0
Maryland,2004,74628.0,631.0,8.46
Maryland,2005,74980.0,547.0,7.3
Maryland,2006,77494.0,616.0,7.95
Maryland,2007,78095.0,626.0,8.02
Maryland,2008,77289.0,615.0,7.96
Maryland,2009,75059.0,542.0,7.22
Maryland,2010,73801.0,504.0,6.83
Maryland,2011,73093.0,498.0,6.81
Maryland,2012,72883.0,463.0,6.35
Maryland,2013,71953.0,477.0,6.63
Maryland,2014,73921.0,478.0,6.466362739
Massachusetts,1995,81648.0,423.0,5.18
Massachusetts,1996,80276.0,403.0,5.02
Massachusetts,1997,80364.0,417.0,5.19
Massachusetts,1998,81411.0,423.0,5.2
Massachusetts,1999,80939.0,420.0,5.189093021
Massachusetts,2000,81614.0,376.0,4.61
Massachusetts,2001,81079.0,404.0,4.98
Massachusetts,2002,80646.0,391.0,4.85
Massachusetts,2003,80184.0,381.0,5.0
Massachusetts,2004,78484.0,377.0,4.8
Massachusetts,2005,76866.0,394.0,5.13
Massachusetts,2006,77677.0,377.0,4.85
Massachusetts,2007,77967.0,385.0,4.94
Massachusetts,2008,77022.0,388.0,5.04
Massachusetts,2009,75016.0,382.0,5.09
Massachusetts,2010,72865.0,320.0,4.39
Massachusetts,2011,73166.0,311.0,4.25
Massachusetts,2012,72439.0,305.0,4.21
Massachusetts,2013,71788.0,300.0,4.18
Massachusetts,2014,71908.0,315.0,4.38059743
Michigan,1995,134642.0,1111.0,8.25
Michigan,1996,133387.0,1083.0,8.12
Michigan,1997,133714.0,1094.0,8.18
Michigan,1998,133666.0,1097.0,8.21
Michigan,1999,133607.0,1075.0,8.045985615
Michigan,2000,136177.0,1115.0,8.19
Michigan,2001,133431.0,1066.0,7.99
Michigan,2002,129968.0,1056.0,8.13
Michigan,2003,131100.0,1124.0,9.0
Michigan,2004,129776.0,983.0,7.57
Michigan,2005,127706.0,1007.0,7.89
Michigan,2006,127483.0,935.0,7.33
Michigan,2007,125261.0,994.0,7.94
Michigan,2008,121127.0,896.0,7.4
Michigan,2009,117294.0,892.0,7.6
Michigan,2010,114531.0,816.0,7.12
Michigan,2011,114008.0,746.0,6.54
Michigan,2012,113091.0,784.0,6.93
Michigan,2013,113489.0,800.0,7.05
Michigan,2014,114375.0,745.0,6.513661202
Minnesota,1995,63263.0,429.0,6.78
Minnesota,1996,63700.0,371.0,5.82
Minnesota,1997,64499.0,384.0,5.95
Minnesota,1998,65202.0,385.0,5.9
Minnesota,1999,65970.0,408.0,6.184629377
Minnesota,2000,67604.0,380.0,5.62
Minnesota,2001,67562.0,365.0,5.4
Minnesota,2002,68025.0,363.0,5.34
Minnesota,2003,70050.0,324.0,5.0
Minnesota,2004,70624.0,326.0,4.62
Minnesota,2005,70919.0,361.0,5.09
Minnesota,2006,73525.0,381.0,5.18
Minnesota,2007,73735.0,410.0,5.56
Minnesota,2008,72421.0,429.0,5.92
Minnesota,2009,70646.0,324.0,4.59
Minnesota,2010,68610.0,312.0,4.55
Minnesota,2011,68409.0,325.0,4.75
Minnesota,2012,68772.0,345.0,5.02
Minnesota,2013,69159.0,352.0,5.09
Minnesota,2014,69904.0,352.0,5.035477226
Mississippi,1995,41344.0,429.0,10.38
Mississippi,1996,40987.0,448.0,10.93
Mississippi,1997,41533.0,439.0,10.57
Mississippi,1998,42939.0,434.0,10.11
Mississippi,1999,42684.0,431.0,10.09746041
Mississippi,2000,44075.0,469.0,10.64
Mississippi,2001,42282.0,445.0,10.52
Mississippi,2002,41518.0,423.0,10.19
Mississippi,2003,42380.0,460.0,11.0
Mississippi,2004,42827.0,424.0,9.9
Mississippi,2005,42395.0,486.0,11.46
Mississippi,2006,46056.0,485.0,10.53
Mississippi,2007,46491.0,464.0,9.98
Mississippi,2008,44947.0,447.0,9.95
Mississippi,2009,42901.0,433.0,10.09
Mississippi,2010,40036.0,385.0,9.62
Mississippi,2011,39860.0,368.0,9.23
Mississippi,2012,38669.0,344.0,8.9
Mississippi,2013,38634.0,371.0,9.6
Mississippi,2014,38736.0,319.0,8.235233375
Missouri,1995,73028.0,538.0,7.37
Missouri,1996,73832.0,560.0,7.58
Missouri,1997,74037.0,558.0,7.54
Missouri,1998,75358.0,580.0,7.7
Missouri,1999,75432.0,579.0,7.675787464
Missouri,2000,76463.0,550.0,7.19
Missouri,2001,75468.0,554.0,7.34
Missouri,2002,75251.0,638.0,8.48
Missouri,2003,77045.0,609.0,8.0
Missouri,2004,77765.0,582.0,7.48
Missouri,2005,78618.0,591.0,7.52
Missouri,2006,81388.0,606.0,7.45
Missouri,2007,81930.0,608.0,7.42
Missouri,2008,80963.0,578.0,7.14
Missouri,2009,78905.0,558.0,7.07
Missouri,2010,76759.0,505.0,6.58
Missouri,2011,76117.0,482.0,6.33
Missouri,2012,75446.0,498.0,6.6
Missouri,2013,75296.0,491.0,6.52
Missouri,2014,75360.0,457.0,6.064225053
Montana,1995,11142.0,79.0,7.09
Montana,1996,10856.0,74.0,6.82
Montana,1997,10849.0,74.0,6.82
Montana,1998,10795.0,83.0,7.69
Montana,1999,10785.0,71.0,6.583217432
Montana,2000,10957.0,66.0,6.02
Montana,2001,10970.0,80.0,7.29
Montana,2002,11049.0,83.0,7.51
Montana,2003,11422.0,82.0,7.0
Montana,2004,11519.0,53.0,4.6
Montana,2005,11583.0,84.0,7.25
Montana,2006,12508.0,75.0,6.0
Montana,2007,12439.0,78.0,6.27
Montana,2008,12594.0,90.0,7.15
Montana,2009,12257.0,76.0,6.2
Montana,2010,12060.0,72.0,5.97
Montana,2011,12069.0,72.0,5.97
Montana,2012,12118.0,72.0,5.94
Montana,2013,12377.0,69.0,5.57
Montana,2014,12432.0,68.0,5.46975547
Nebraska,1995,23243.0,173.0,7.44
Nebraska,1996,23286.0,202.0,8.67
Nebraska,1997,23319.0,176.0,7.55
Nebraska,1998,23534.0,172.0,7.31
Nebraska,1999,23907.0,158.0,6.608942987
Nebraska,2000,24646.0,177.0,7.18
Nebraska,2001,24820.0,168.0,6.77
Nebraska,2002,25383.0,178.0,7.01
Nebraska,2003,25917.0,142.0,5.0
Nebraska,2004,26332.0,172.0,6.53
Nebraska,2005,26145.0,148.0,5.66
Nebraska,2006,26727.0,148.0,5.54
Nebraska,2007,26934.0,182.0,6.76
Nebraska,2008,26989.0,148.0,5.48
Nebraska,2009,26936.0,145.0,5.38
Nebraska,2010,25918.0,136.0,5.25
Nebraska,2011,25720.0,144.0,5.6
Nebraska,2012,25942.0,121.0,4.66
Nebraska,2013,26095.0,136.0,5.21
Nebraska,2014,26794.0,136.0,5.075763231
Nevada,1995,25056.0,144.0,5.75
Nevada,1996,26125.0,160.0,6.12
Nevada,1997,26911.0,177.0,6.58
Nevada,1998,28699.0,205.0,7.14
Nevada,1999,29362.0,192.0,6.539064096
Nevada,2000,30829.0,199.0,6.45
Nevada,2001,31382.0,176.0,5.61
Nevada,2002,32571.0,198.0,6.08
Nevada,2003,33647.0,192.0,6.0
Nevada,2004,35200.0,219.0,6.22
Nevada,2005,37268.0,211.0,5.66
Nevada,2006,40027.0,265.0,6.62
Nevada,2007,41181.0,259.0,6.29
Nevada,2008,39506.0,212.0,5.37
Nevada,2009,37612.0,219.0,5.82
Nevada,2010,35934.0,198.0,5.51
Nevada,2011,35296.0,201.0,5.69
Nevada,2012,34911.0,172.0,4.93
Nevada,2013,35030.0,186.0,5.31
Nevada,2014,35861.0,196.0,5.465547531
New Hampshire,1995,14665.0,78.0,5.32
New Hampshire,1996,14520.0,70.0,4.82
New Hampshire,1997,14313.0,61.0,4.26
New Hampshire,1998,14429.0,63.0,4.37
New Hampshire,1999,14041.0,83.0,5.911259882
New Hampshire,2000,14609.0,85.0,5.82
New Hampshire,2001,14656.0,56.0,3.82
New Hampshire,2002,14442.0,72.0,4.99
New Hampshire,2003,14393.0,60.0,4.0
New Hampshire,2004,14565.0,82.0,5.63
New Hampshire,2005,14424.0,76.0,5.27
New Hampshire,2006,14378.0,85.0,5.91
New Hampshire,2007,14168.0,77.0,5.43
New Hampshire,2008,13683.0,53.0,3.87
New Hampshire,2009,13377.0,66.0,4.93
New Hampshire,2010,12874.0,50.0,3.88
New Hampshire,2011,12851.0,58.0,4.51
New Hampshire,2012,12352.0,52.0,4.21
New Hampshire,2013,12396.0,69.0,5.57
New Hampshire,2014,12302.0,53.0,4.308242562
New Jersey,1995,114828.0,753.0,6.56
New Jersey,1996,114306.0,781.0,6.83
New Jersey,1997,113279.0,717.0,6.33
New Jersey,1998,114550.0,731.0,6.38
New Jersey,1999,114105.0,762.0,6.678059682
New Jersey,2000,115632.0,724.0,6.26
New Jersey,2001,115797.0,741.0,6.4
New Jersey,2002,114752.0,656.0,5.72
New Jersey,2003,116984.0,655.0,6.0
New Jersey,2004,115253.0,640.0,5.55
New Jersey,2005,113778.0,588.0,5.17
New Jersey,2006,115021.0,626.0,5.44
New Jersey,2007,116063.0,594.0,5.12
New Jersey,2008,112710.0,619.0,5.49
New Jersey,2009,110331.0,576.0,5.22
New Jersey,2010,106922.0,513.0,4.8
New Jersey,2011,105883.0,538.0,5.08
New Jersey,2012,104230.0,463.0,4.44
New Jersey,2013,102575.0,463.0,4.51
New Jersey,2014,103305.0,454.0,4.3947534
New Mexico,1995,26920.0,167.0,6.2
New Mexico,1996,27228.0,175.0,6.43
New Mexico,1997,26871.0,165.0,6.14
New Mexico,1998,27318.0,197.0,7.21
New Mexico,1999,27191.0,185.0,6.80372182
New Mexico,2000,27226.0,183.0,6.72
New Mexico,2001,27129.0,173.0,6.38
New Mexico,2002,27754.0,170.0,6.13
New Mexico,2003,27822.0,158.0,6.0
New Mexico,2004,28384.0,184.0,6.48
New Mexico,2005,28835.0,178.0,6.17
New Mexico,2006,29936.0,171.0,5.71
New Mexico,2007,30616.0,188.0,6.14
New Mexico,2008,30173.0,168.0,5.57
New Mexico,2009,29e3,154.0,5.31
New Mexico,2010,27850.0,156.0,5.6
New Mexico,2011,27289.0,152.0,5.57
New Mexico,2012,27068.0,184.0,6.8
New Mexico,2013,26354.0,139.0,5.27
New Mexico,2014,26052.0,141.0,5.412252418
New York,1995,271369.0,2084.0,7.68
New York,1996,263963.0,1837.0,6.96
New York,1997,257238.0,1721.0,6.69
New York,1998,258207.0,1612.0,6.24
New York,1999,255612.0,1624.0,6.353379341
New York,2000,258737.0,1655.0,6.4
New York,2001,254026.0,1486.0,5.85
New York,2002,251415.0,1508.0,6.0
New York,2003,253714.0,1546.0,6.0
New York,2004,249947.0,1537.0,6.15
New York,2005,246365.0,1433.0,5.82
New York,2006,250103.0,1411.0,5.64
New York,2007,253451.0,1409.0,5.56
New York,2008,250384.0,1381.0,5.52
New York,2009,248110.0,1331.0,5.36
New York,2010,244375.0,1242.0,5.08
New York,2011,241312.0,1236.0,5.12
New York,2012,240916.0,1207.0,5.01
New York,2013,236980.0,1169.0,4.93
New York,2014,238773.0,1110.0,4.64876682
North Carolina,1995,101592.0,935.0,9.2
North Carolina,1996,104470.0,951.0,9.1
North Carolina,1997,107015.0,989.0,9.24
North Carolina,1998,111688.0,1036.0,9.28
North Carolina,1999,113795.0,1035.0,9.095302957
North Carolina,2000,120311.0,1035.0,8.6
North Carolina,2001,118186.0,1012.0,8.56
North Carolina,2002,117335.0,955.0,8.14
North Carolina,2003,118323.0,968.0,8.0
North Carolina,2004,119847.0,1046.0,8.73
North Carolina,2005,123096.0,1085.0,8.81
North Carolina,2006,127859.0,1035.0,8.09
North Carolina,2007,131037.0,1117.0,8.52
North Carolina,2008,130839.0,1079.0,8.25
North Carolina,2009,126845.0,1004.0,7.92
North Carolina,2010,122350.0,867.0,7.09
North Carolina,2011,120389.0,867.0,7.2
North Carolina,2012,119831.0,886.0,7.39
North Carolina,2013,119002.0,832.0,6.99
North Carolina,2014,120975.0,857.0,7.084108287
North Dakota,1995,8476.0,60.0,7.08
North Dakota,1996,8347.0,45.0,5.39
North Dakota,1997,8353.0,53.0,6.35
North Dakota,1998,7932.0,70.0,8.83
North Dakota,1999,7639.0,52.0,6.807173714
North Dakota,2000,7676.0,64.0,8.34
North Dakota,2001,7629.0,68.0,8.91
North Dakota,2002,7757.0,49.0,6.32
North Dakota,2003,7972.0,58.0,7.0
North Dakota,2004,8189.0,48.0,5.86
North Dakota,2005,8390.0,50.0,5.96
North Dakota,2006,8621.0,51.0,5.92
North Dakota,2007,8840.0,67.0,7.58
North Dakota,2008,8938.0,52.0,5.82
North Dakota,2009,9001.0,57.0,6.33
North Dakota,2010,9104.0,62.0,6.81
North Dakota,2011,9527.0,62.0,6.51
North Dakota,2012,10106.0,64.0,6.33
North Dakota,2013,10599.0,64.0,6.04
North Dakota,2014,11359.0,57.0,5.018047363
Ohio,1995,154064.0,1336.0,8.67
Ohio,1996,151692.0,1170.0,7.71
Ohio,1997,152033.0,1185.0,7.79
Ohio,1998,152794.0,1212.0,7.93
Ohio,1999,152584.0,1241.0,8.133224978
Ohio,2000,155484.0,1191.0,7.66
Ohio,2001,151594.0,1159.0,7.65
Ohio,2002,148743.0,1181.0,7.94
Ohio,2003,149691.0,1162.0,8.0
Ohio,2004,148955.0,1120.0,7.52
Ohio,2005,148388.0,1213.0,8.17
Ohio,2006,150599.0,1168.0,7.76
Ohio,2007,150879.0,1172.0,7.77
Ohio,2008,148821.0,1146.0,7.7
Ohio,2009,144841.0,1116.0,7.71
Ohio,2010,139128.0,1074.0,7.72
Ohio,2011,137918.0,1102.0,7.99
Ohio,2012,138483.0,1034.0,7.47
Ohio,2013,138936.0,1019.0,7.33
Ohio,2014,139467.0,956.0,6.854668129
Oklahoma,1995,45672.0,380.0,8.32
Oklahoma,1996,46193.0,388.0,8.4
Oklahoma,1997,48269.0,364.0,7.54
Oklahoma,1998,49461.0,419.0,8.47
Oklahoma,1999,49010.0,420.0,8.569679657
Oklahoma,2000,49785.0,418.0,8.4
Oklahoma,2001,50120.0,369.0,7.36
Oklahoma,2002,50391.0,415.0,8.24
Oklahoma,2003,50988.0,392.0,8.0
Oklahoma,2004,51306.0,407.0,7.93
Oklahoma,2005,51801.0,412.0,7.95
Oklahoma,2006,54019.0,430.0,7.96
Oklahoma,2007,55065.0,463.0,8.41
Oklahoma,2008,54781.0,394.0,7.19
Oklahoma,2009,54553.0,431.0,7.9
Oklahoma,2010,53238.0,399.0,7.49
Oklahoma,2011,52272.0,380.0,7.27
Oklahoma,2012,52751.0,397.0,7.53
Oklahoma,2013,53369.0,359.0,6.73
Oklahoma,2014,53339.0,434.0,8.136635482
Oregon,1995,42811.0,262.0,6.12
Oregon,1996,43658.0,237.0,5.43
Oregon,1997,43809.0,251.0,5.73
Oregon,1998,45273.0,244.0,5.39
Oregon,1999,45204.0,258.0,5.707459517
Oregon,2000,45804.0,255.0,5.57
Oregon,2001,45322.0,243.0,5.36
Oregon,2002,45192.0,258.0,5.71
Oregon,2003,45953.0,257.0,6.0
Oregon,2004,45678.0,250.0,5.47
Oregon,2005,45922.0,275.0,5.99
Oregon,2006,48691.0,262.0,5.38
Oregon,2007,49378.0,282.0,5.71
Oregon,2008,49096.0,252.0,5.13
Oregon,2009,47132.0,229.0,4.86
Oregon,2010,45540.0,226.0,4.96
Oregon,2011,45155.0,206.0,4.56
Oregon,2012,45067.0,241.0,5.35
Oregon,2013,45155.0,223.0,4.94
Oregon,2014,45556.0,234.0,5.136535253
Pennsylvania,1995,151850.0,1179.0,7.76
Pennsylvania,1996,148338.0,1160.0,7.82
Pennsylvania,1997,144224.0,1101.0,7.63
Pennsylvania,1998,145899.0,1041.0,7.14
Pennsylvania,1999,145347.0,1067.0,7.341052791
Pennsylvania,2000,146284.0,1039.0,7.1
Pennsylvania,2001,143497.0,1035.0,7.21
Pennsylvania,2002,142869.0,1088.0,7.62
Pennsylvania,2003,145960.0,1071.0,7.0
Pennsylvania,2004,144748.0,1050.0,7.25
Pennsylvania,2005,145399.0,1060.0,7.29
Pennsylvania,2006,149094.0,1141.0,7.65
Pennsylvania,2007,150713.0,1135.0,7.53
Pennsylvania,2008,149273.0,1101.0,7.38
Pennsylvania,2009,146434.0,1040.0,7.1
Pennsylvania,2010,143321.0,1036.0,7.23
Pennsylvania,2011,143178.0,929.0,6.49
Pennsylvania,2012,142514.0,1005.0,7.05
Pennsylvania,2013,140921.0,937.0,6.65
Pennsylvania,2014,142268.0,838.0,5.890291562
Rhode Island,1995,12776.0,91.0,7.12
Rhode Island,1996,12652.0,66.0,5.22
Rhode Island,1997,12455.0,88.0,7.07
Rhode Island,1998,12599.0,91.0,7.22
Rhode Island,1999,12366.0,71.0,5.74154941
Rhode Island,2000,12505.0,78.0,6.24
Rhode Island,2001,12713.0,87.0,6.84
Rhode Island,2002,12894.0,91.0,7.06
Rhode Island,2003,13209.0,89.0,7.0
Rhode Island,2004,12779.0,69.0,5.4
Rhode Island,2005,12697.0,82.0,6.46
Rhode Island,2006,12373.0,77.0,6.22
Rhode Island,2007,12376.0,90.0,7.27
Rhode Island,2008,12048.0,71.0,5.89
Rhode Island,2009,11442.0,67.0,5.86
Rhode Island,2010,11177.0,80.0,7.16
Rhode Island,2011,10960.0,70.0,6.39
Rhode Island,2012,10926.0,71.0,6.5
Rhode Island,2013,10809.0,70.0,6.48
Rhode Island,2014,10823.0,48.0,4.434999538
South Carolina,1995,50926.0,488.0,9.58
South Carolina,1996,51117.0,431.0,8.43
South Carolina,1997,52214.0,502.0,9.61
South Carolina,1998,53877.0,514.0,9.54
South Carolina,1999,54948.0,562.0,10.22785179
South Carolina,2000,56114.0,492.0,8.77
South Carolina,2001,55756.0,502.0,9.0
South Carolina,2002,54570.0,508.0,9.31
South Carolina,2003,55649.0,464.0,8.0
South Carolina,2004,56590.0,525.0,9.28
South Carolina,2005,57711.0,546.0,9.46
South Carolina,2006,62173.0,517.0,8.32
South Carolina,2007,62875.0,535.0,8.51
South Carolina,2008,63071.0,508.0,8.05
South Carolina,2009,60620.0,423.0,6.98
South Carolina,2010,58342.0,428.0,7.34
South Carolina,2011,57393.0,420.0,7.32
South Carolina,2012,57155.0,428.0,7.49
South Carolina,2013,56795.0,390.0,6.87
South Carolina,2014,57627.0,372.0,6.455307408
South Dakota,1995,10475.0,96.0,9.16
South Dakota,1996,10473.0,60.0,5.73
South Dakota,1997,10173.0,75.0,7.37
South Dakota,1998,10288.0,95.0,9.23
South Dakota,1999,10524.0,93.0,8.836944128
South Dakota,2000,10345.0,54.0,5.22
South Dakota,2001,10483.0,76.0,7.25
South Dakota,2002,10698.0,72.0,6.73
South Dakota,2003,11027.0,73.0,7.0
South Dakota,2004,11338.0,90.0,7.94
South Dakota,2005,11462.0,80.0,6.98
South Dakota,2006,11919.0,82.0,6.88
South Dakota,2007,12261.0,77.0,6.28
South Dakota,2008,12072.0,100.0,8.28
South Dakota,2009,11934.0,80.0,6.7
South Dakota,2010,11811.0,84.0,7.11
South Dakota,2011,11846.0,72.0,6.08
South Dakota,2012,12104.0,101.0,8.34
South Dakota,2013,12248.0,79.0,6.45
South Dakota,2014,12283.0,72.0,5.861760156
Tennessee,1995,73173.0,670.0,9.16
Tennessee,1996,73754.0,627.0,8.5
Tennessee,1997,74478.0,640.0,8.59
Tennessee,1998,77396.0,633.0,8.18
Tennessee,1999,77803.0,603.0,7.750343817
Tennessee,2000,79611.0,725.0,9.11
Tennessee,2001,78340.0,682.0,8.71
Tennessee,2002,77482.0,721.0,9.31
Tennessee,2003,78890.0,728.0,9.0
Tennessee,2004,79642.0,686.0,8.61
Tennessee,2005,81748.0,717.0,8.77
Tennessee,2006,84355.0,730.0,8.65
Tennessee,2007,86711.0,720.0,8.3
Tennessee,2008,85560.0,698.0,8.16
Tennessee,2009,82211.0,657.0,7.99
Tennessee,2010,79495.0,626.0,7.87
Tennessee,2011,79588.0,592.0,7.44
Tennessee,2012,80371.0,582.0,7.24
Tennessee,2013,79992.0,544.0,6.8
Tennessee,2014,81602.0,564.0,6.911595304
Texas,1995,322753.0,2103.0,6.52
Texas,1996,330406.0,2063.0,6.24
Texas,1997,333974.0,2129.0,6.37
Texas,1998,342283.0,2179.0,6.37
Texas,1999,349245.0,2143.0,6.136093573
Texas,2000,363426.0,2036.0,5.6
Texas,2001,365437.0,2146.0,5.87
Texas,2002,372463.0,2353.0,6.32
Texas,2003,377495.0,2466.0,7.0
Texas,2004,381293.0,2393.0,6.28
Texas,2005,385920.0,2526.0,6.55
Texas,2006,399613.0,2474.0,6.19
Texas,2007,407625.0,2567.0,6.3
Texas,2008,405554.0,2501.0,6.17
Texas,2009,401977.0,2403.0,5.98
Texas,2010,386118.0,2373.0,6.15
Texas,2011,377445.0,2135.0,5.66
Texas,2012,382727.0,2231.0,5.83
Texas,2013,387340.0,2255.0,5.82
Texas,2014,399766.0,2337.0,5.845919863
United States,1995,3899589.0,29502.0,7.57
United States,1996,3891494.0,28415.0,7.3
United States,1997,3880894.0,27965.0,7.21
United States,1998,3941553.0,28324.0,7.19
United States,1999,3959417.0,27863.0,7.037147136
United States,2000,4058882.0,27962.0,6.89
United States,2001,4026036.0,27522.0,6.84
United States,2002,4021825.0,27968.0,6.95
United States,2003,4090007.0,27992.0,7.0
United States,2004,4112055.0,27858.0,6.77
United States,2005,4138573.0,28382.0,6.86
United States,2006,4265593.0,28507.0,6.68
United States,2007,4316233.0,29152.0,6.75
United States,2008,4247726.0,28072.0,6.61
United States,2009,4130665.0,26408.0,6.39
United States,2010,3999386.0,24571.0,6.14
United States,2011,3953590.0,23999.0,6.07
United States,2012,3952841.0,23651.0,5.98
United States,2013,3932181.0,23444.0,5.96
United States,2014,3988076.0,23215.0,5.821102707
Utah,1995,39577.0,214.0,5.41
Utah,1996,42087.0,257.0,6.11
Utah,1997,43059.0,250.0,5.81
Utah,1998,45165.0,257.0,5.69
Utah,1999,46290.0,225.0,4.86066105
Utah,2000,47353.0,252.0,5.32
Utah,2001,47960.0,235.0,4.9
Utah,2002,49183.0,273.0,5.55
Utah,2003,49860.0,250.0,5.0
Utah,2004,50670.0,265.0,5.23
Utah,2005,51556.0,233.0,4.52
Utah,2006,53504.0,274.0,5.12
Utah,2007,55130.0,277.0,5.02
Utah,2008,55634.0,261.0,4.69
Utah,2009,53887.0,284.0,5.27
Utah,2010,52258.0,254.0,4.86
Utah,2011,51223.0,281.0,5.49
Utah,2012,51465.0,248.0,4.82
Utah,2013,50957.0,264.0,5.18
Utah,2014,51154.0,251.0,4.90675216
Vermont,1995,6783.0,38.0,5.6
Vermont,1996,6767.0,47.0,6.95
Vermont,1997,6607.0,41.0,6.21
Vermont,1998,6582.0,45.0,6.84
Vermont,1999,6567.0,36.0,5.481955231
Vermont,2000,6500.0,42.0,6.46
Vermont,2001,6366.0,36.0,5.66
Vermont,2002,6387.0,28.0,4.38
Vermont,2003,6589.0,34.0,5.0
Vermont,2004,6599.0,29.0,4.39
Vermont,2005,6473.0,42.0,6.49
Vermont,2006,6511.0,37.0,5.68
Vermont,2007,6513.0,33.0,5.07
Vermont,2008,6339.0,29.0,4.57
Vermont,2009,6110.0,38.0,6.22
Vermont,2010,6223.0,26.0,4.18
Vermont,2011,6078.0,30.0,4.94
Vermont,2012,6009.0,26.0,4.33
Vermont,2013,5975.0,26.0,4.35
Vermont,2014,6130.0,28.0,4.567699837
Virginia,1995,92578.0,725.0,7.83
Virginia,1996,92354.0,707.0,7.66
Virginia,1997,91862.0,710.0,7.73
Virginia,1998,94351.0,719.0,7.62
Virginia,1999,95469.0,681.0,7.133205543
Virginia,2000,98939.0,684.0,6.91
Virginia,2001,98884.0,735.0,7.43
Virginia,2002,99672.0,737.0,7.39
Virginia,2003,101254.0,778.0,8.0
Virginia,2004,103933.0,764.0,7.35
Virginia,2005,104555.0,781.0,7.47
Virginia,2006,107817.0,765.0,7.1
Virginia,2007,108884.0,842.0,7.73
Virginia,2008,106686.0,734.0,6.88
Virginia,2009,105059.0,750.0,7.14
Virginia,2010,103002.0,703.0,6.83
Virginia,2011,102652.0,697.0,6.79
Virginia,2012,103013.0,668.0,6.48
Virginia,2013,102147.0,631.0,6.18
Virginia,2014,103300.0,595.0,5.759922556
Washington,1995,77228.0,447.0,5.79
Washington,1996,77945.0,462.0,5.93
Washington,1997,78190.0,434.0,5.55
Washington,1998,79663.0,456.0,5.72
Washington,1999,79586.0,395.0,4.96318448
Washington,2000,81038.0,421.0,5.2
Washington,2001,79574.0,453.0,5.69
Washington,2002,79031.0,455.0,5.76
Washington,2003,80489.0,450.0,6.0
Washington,2004,81747.0,450.0,5.5
Washington,2005,82703.0,419.0,5.07
Washington,2006,86876.0,408.0,4.7
Washington,2007,88978.0,434.0,4.88
Washington,2008,90321.0,492.0,5.45
Washington,2009,89313.0,439.0,4.92
Washington,2010,86539.0,388.0,4.48
Washington,2011,86976.0,396.0,4.55
Washington,2012,87463.0,460.0,5.26
Washington,2013,86577.0,392.0,4.53
Washington,2014,88585.0,402.0,4.538014337
West Virginia,1995,21162.0,167.0,7.89
West Virginia,1996,20750.0,150.0,7.23
West Virginia,1997,20730.0,199.0,9.6
West Virginia,1998,20747.0,166.0,8.0
West Virginia,1999,20728.0,154.0,7.429563875
West Virginia,2000,20865.0,154.0,7.38
West Virginia,2001,20428.0,150.0,7.34
West Virginia,2002,20712.0,185.0,8.93
West Virginia,2003,20935.0,156.0,7.0
West Virginia,2004,20880.0,158.0,7.57
West Virginia,2005,20836.0,170.0,8.16
West Virginia,2006,20931.0,148.0,7.07
West Virginia,2007,21994.0,160.0,7.27
West Virginia,2008,21501.0,167.0,7.77
West Virginia,2009,21268.0,163.0,7.66
West Virginia,2010,20470.0,150.0,7.33
West Virginia,2011,20717.0,136.0,6.56
West Virginia,2012,20827.0,149.0,7.15
West Virginia,2013,20825.0,159.0,7.64
West Virginia,2014,20301.0,143.0,7.043987981
Wisconsin,1995,67479.0,490.0,7.26
Wisconsin,1996,67106.0,488.0,7.27
Wisconsin,1997,66557.0,436.0,6.55
Wisconsin,1998,67450.0,489.0,7.25
Wisconsin,1999,68208.0,455.0,6.670771757
Wisconsin,2000,69326.0,460.0,6.64
Wisconsin,2001,69072.0,492.0,7.12
Wisconsin,2002,68560.0,468.0,6.83
Wisconsin,2003,70040.0,458.0,7.0
Wisconsin,2004,70146.0,417.0,5.94
Wisconsin,2005,70984.0,464.0,6.54
Wisconsin,2006,72340.0,461.0,6.37
Wisconsin,2007,72784.0,467.0,6.42
Wisconsin,2008,72261.0,500.0,6.92
Wisconsin,2009,70843.0,424.0,5.99
Wisconsin,2010,68487.0,400.0,5.84
Wisconsin,2011,67810.0,423.0,6.24
Wisconsin,2012,67295.0,382.0,5.68
Wisconsin,2013,66649.0,417.0,6.26
Wisconsin,2014,67161.0,381.0,5.672935186
Wyoming,1995,6261.0,49.0,7.83
Wyoming,1996,6286.0,41.0,6.52
Wyoming,1997,6387.0,38.0,5.95
Wyoming,1998,6252.0,46.0,7.36
Wyoming,1999,6129.0,42.0,6.852667646
Wyoming,2000,6253.0,42.0,6.72
Wyoming,2001,6115.0,37.0,6.05
Wyoming,2002,6550.0,44.0,6.72
Wyoming,2003,6700.0,36.0,5.0
Wyoming,2004,6807.0,60.0,8.81
Wyoming,2005,7239.0,48.0,6.63
Wyoming,2006,7672.0,52.0,6.78
Wyoming,2007,7893.0,58.0,7.35
Wyoming,2008,8038.0,56.0,6.97
Wyoming,2009,7881.0,47.0,5.96
Wyoming,2010,7556.0,52.0,6.88
Wyoming,2011,7399.0,49.0,6.62
Wyoming,2012,7572.0,42.0,5.55
Wyoming,2013,7644.0,37.0,4.84
Wyoming,2014,7696.0,49.0,6.366943867
